Z,sSFR_0_1Gyr_percentile50,mass_stellar_percentile50,RA,DEC
0.0772,-10.22,10.52,132.5812221,-0.6804902
0.0611,-10.62,10.29,133.3970055,-0.7100813
0.0483,-11.07,10.8,135.8027927,-0.7529172
0.0545,-9.975,10.22,137.4461468,-0.6519042
0.0539,-10.37,10.84,138.7764668,-0.7184472
0.0537,-12.97,10.52,138.94127,-0.8074413
0.052,-12.27,10.56,139.0411901,-0.6888488
0.0391,-11.52,10.75,139.0506498,-0.6995011
0.0741,-10.02,10.44,139.7074642,-0.7840489
0.0462,-11.52,10.39,139.781543,-0.7877997
0.057,-12.02,10.38,139.7938316,-0.8378881
0.0699,-10.52,10.81,140.06154,-0.7249028
0.0557,-12.22,10.51,140.2192279,-0.7679394
0.0354,-12.82,10.37,129.3541058,-0.2578173
0.0512,-10.82,10.53,129.4603942,-0.2620827
0.0518,-12.37,10.91,129.4573502,-0.2516074
0.0523,-10.17,10.5,129.47163,-0.2531678
0.0523,-12.32,10.53,129.9293298,-0.3369835
0.077,-9.725,10.22,130.0007071,-0.3156965
0.0514,-9.625,10.27,130.6177432,-0.2715965
0.0499,-10.32,10.54,130.6527154,-0.2309613
0.05,-11.17,10.77,130.9334358,-0.2121678
0.0508,-10.22,10.39,131.9486898,-0.380943
0.0698,-12.32,10.95,132.6359906,-0.2528361
0.087,-12.57,10.98,132.7433569,-0.228877
0.0706,-11.47,10.71,134.5858471,-0.3961704
0.0529,-10.52,10.96,135.3639894,-0.4183682
0.0529,-12.57,10.82,135.45655,-0.3979607
0.0966,-11.82,10.44,136.4314105,-0.3612925
0.0975,-10.27,10.4,136.4523204,-0.2833788
0.095,-11.72,10.92,136.6042117,-0.2377925
0.0702,-11.37,10.89,138.3918345,-0.2526838
0.0175,-10.22,10.27,139.4622436,-0.2783628
0.0549,-10.82,10.3,139.9206423,-0.3642708
0.0549,-10.67,10.49,140.3072947,-0.2304585
0.0257,-12.62,10.38,140.372729,-0.2688666
0.0692,-10.17,10.43,140.4861958,-0.2608204
0.0703,-10.47,10.38,140.610956,-0.3402302
0.054,-12.42,11.19,140.6524316,-0.4090157
0.0556,-12.47,10.4,140.6513832,-0.4067776
0.057,-12.52,10.32,140.5553118,-0.3633951
0.0555,-10.57,10.41,140.6430024,-0.3918365
0.0583,-12.52,11.08,140.687239,-0.3488474
0.0536,-11.97,10.38,140.8479535,-0.4034629
0.0842,-9.925,10.36,129.5057176,0.0850386
0.0835,-10.72,10.39,129.5192543,0.081738
0.0789,-10.17,10.64,129.5417599,0.2088611
0.0781,-9.475,10.5,129.6325317,0.0124115
0.0498,-11.32,10.76,129.7533634,0.062276
0.0783,-10.62,10.81,130.5873945,0.161524
0.0508,-12.97,10.32,130.6085994,0.136382
0.0503,-10.52,10.49,130.7436959,0.2061099
0.0767,-12.17,10.25,131.1668343,0.1524645
0.0776,-11.42,10.27,131.3060043,0.048218
0.0967,-11.72,10.91,131.9423874,0.0843109
0.0973,-11.72,10.43,132.1767186,0.0872169
0.0516,-11.27,10.71,132.1842715,0.1685043
0.0985,-9.775,10.32,132.6869189,0.2011341
0.0662,-12.22,10.87,133.1580361,0.1261012
0.0529,-12.07,11.12,134.4890312,0.1711993
0.0285,-10.72,10.4,134.6191527,0.0234373
0.0532,-10.82,10.83,134.5249363,0.1461551
0.071,-12.02,10.53,134.5777671,0.1043601
0.0406,-10.22,10.24,134.6767628,0.1914276
0.0538,-10.17,10.75,135.0210521,0.079656
0.0533,-10.82,10.47,135.6885676,0.1236875
0.0938,-12.32,10.46,136.8144088,0.0548808
0.0942,-12.12,10.77,136.81839,0.105065
0.0949,-9.875,10.29,136.8357706,0.1083868
0.0873,-10.17,10.44,136.9409637,0.0579197
0.0515,-11.62,10.72,137.1263133,0.2056567
0.0586,-12.97,10.56,137.170019,0.1959296
0.0755,-11.12,10.75,137.2994953,0.008011
0.0545,-12.42,10.52,138.225921,0.0907621
0.0924,-12.17,10.34,138.483715,0.0595735
0.0702,-10.62,10.5,138.9173246,0.1855851
0.0877,-10.57,10.35,139.2248804,0.0628702
0.091,-11.62,10.63,139.5245604,0.1932295
0.0695,-10.47,10.66,140.5218741,0.1509232
0.0333,-10.62,10.55,129.0064242,0.4381486
0.0773,-12.07,11,129.2699403,0.4290826
0.0759,-10.62,10.61,129.57163171,0.46560939
0.0799,-9.925,10.5,129.5278474,0.4634606
0.08,-10.62,10.4,129.5764852,0.435125
0.0766,-12.97,10.81,129.5777081,0.521565
0.0795,-11.92,10.58,129.7269428,0.6241774
0.0819,-10.92,10.46,129.5971795,0.4217993
0.0785,-12.02,10.73,129.7625334,0.6179229
0.0773,-10.87,10.31,129.8573338,0.5899075
0.0778,-10.77,10.64,129.9284092,0.5395276
0.0421,-12.57,10.97,129.9705947,0.4323992
0.0418,-10.57,10.36,130.2839311,0.5760681
0.0508,-11.87,10.5,130.9032131,0.5957617
0.07,-9.975,10.23,131.1508704,0.4592608
0.0977,-10.62,10.5,131.1567274,0.6290423
0.0698,-12.22,10.63,131.5074046,0.5077464
0.0995,-10.67,10.71,132.2593621,0.4220826
0.0988,-9.725,10.4,132.3574236,0.4252509
0.0992,-12.32,10.76,132.3719071,0.4371386
0.0672,-11.97,10.45,132.5823575,0.5661623
0.0643,-10.97,10.73,132.6423293,0.4923972
0.0992,-11.57,10.35,132.7812593,0.5946799
0.0511,-12.22,10.3,132.9216281,0.5724752
0.0576,-12.52,10.78,133.5057679,0.5589779
0.0531,-10.67,10.78,134.2533733,0.505587
0.0537,-12.37,10.53,137.02439,0.5733324
0.0534,-9.525,10.43,136.945496,0.5750393
0.0953,-10.62,10.89,137.0018842,0.4475938
0.0188,-12.82,10.45,137.1743128,0.4846672
0.0951,-11.87,10.6,137.0818006,0.545951
0.0942,-12.57,11.05,137.273545,0.4703675
0.0546,-12.02,10.68,138.0179417,0.421789
0.0545,-9.775,10.4,138.024416,0.4488231
0.0284,-10.37,10.35,139.2083661,0.5726916
0.0914,-11.87,10.71,139.380852,0.4282196
0.0916,-10.97,10.74,139.4974829,0.6116201
0.0879,-10.47,10.74,140.1740036,0.5204741
0.0735,-11.02,10.5,140.3045727,0.4270412
0.0876,-10.52,10.25,140.825375,0.5614613
0.0817,-10.52,10.56,129.7034579,0.7154326
0.0768,-11.17,10.45,130.4688509,0.8121954
0.079,-11.62,10.44,130.4273635,0.8154906
0.0758,-11.82,10.32,130.531818,0.7875387
0.0952,-10.52,10.25,130.6452606,0.8085308
0.0964,-12.57,10.6,130.6553906,0.8111561
0.0974,-10.42,10.39,130.8822582,0.821697
0.0288,-10.42,10.5,130.948858,0.8383508
0.0866,-10.52,10.79,131.8628818,0.8569568
0.0958,-12.37,11.06,131.8956537,0.7553112
0.0432,-10.12,10.22,132.3058904,0.8518485
0.087,-9.875,10.4,132.3636948,0.7675437
0.0654,-10.12,10.29,132.3956534,0.8464701
0.0658,-10.32,10.58,132.419001,0.8679009
0.0408,-11.72,10.94,133.5183275,0.8532129
0.0412,-12.57,10.88,133.8492502,0.8543532
0.0417,-10.47,10.32,133.9594861,0.831138
0.0525,-10.22,10.64,133.9761467,0.853014
0.0415,-9.925,10.76,133.9485221,0.794283
0.0712,-10.57,10.44,136.5926325,1.0041855
0.0703,-11.47,10.41,136.6025298,0.9655738
0.0944,-10.22,10.35,137.0118863,0.9794434
0.0932,-10.27,10.35,137.4609342,0.9884138
0.0542,-10.07,10.35,138.0682855,0.9321571
0.0972,-10.27,10.21,138.5505182,0.9710872
0.0954,-12.52,10.36,139.2623455,1.1086355
0.0867,-10.82,10.45,139.6586729,1.0569132
0.0878,-10.02,10.39,139.6901132,0.9298806
0.0874,-10.07,10.29,139.7068133,1.0185412
0.0871,-12.07,10.76,139.7158499,1.1056208
0.0868,-10.92,10.9,139.8121824,1.0766147
0.088,-10.82,10.49,139.8402478,1.074991
0.0176,-12.02,10.32,139.9799546,0.9451604
0.0868,-12.57,11.04,139.8552298,1.059793
0.0876,-12.02,10.73,139.8546414,1.0725225
0.017,-12.37,11.02,140.00904514,1.03829461
0.088,-12.12,10.43,140.0240563,1.0758594
0.0876,-11.97,10.53,140.1328631,1.0291589
0.0872,-9.875,10.39,140.9540026,0.9867613
0.051,-12.37,10.87,129.4051349,1.0730336
0.0511,-12.12,10.78,129.48589,1.0724238
0.0777,-10.62,10.27,130.2332338,1.2263775
0.0847,-11.72,10.71,130.2309576,1.1627762
0.078,-11.17,10.22,130.256527,1.1589977
0.0854,-11.67,10.84,130.2590427,1.0842201
0.0858,-12.22,10.7,130.294746,1.0278697
0.0848,-11.72,10.74,130.2902907,1.0270932
0.0852,-12.22,10.31,130.2952794,1.0604601
0.0455,-12.37,10.34,130.4123253,1.116611
0.0765,-10.82,10.43,130.505089,1.2028427
0.0773,-10.02,10.32,130.638663,1.1493682
0.0776,-10.12,10.33,130.7714585,1.1487817
0.0957,-11.87,10.32,130.8355138,1.0560495
0.0439,-10.27,10.29,130.9349386,1.0791751
0.07,-10.32,10.41,131.4668986,1.1891201
0.0996,-12.12,10.5,131.5542739,1.2023455
0.0874,-10.92,10.5,132.0231546,1.114577
0.0668,-10.07,10.38,132.3076903,1.1109329
0.0421,-11.72,10.7,132.6886325,1.3159901
0.0347,-10.57,10.25,132.7203882,1.2500407
0.0868,-11.77,10.49,132.7739105,1.1878224
0.0586,-10.22,10.53,133.6175101,1.2022371
0.0706,-12.22,10.49,134.2900998,1.3512303
0.0708,-11.77,10.24,134.3536983,1.1751949
0.0705,-11.42,10.65,134.4367767,1.3737594
0.0731,-12.02,10.93,134.4917922,1.1985405
0.0712,-12.37,10.45,134.487426,1.1994166
0.0702,-12.12,10.23,134.4963592,1.1741699
0.0708,-11.77,10.29,134.5307606,1.306916
0.071,-11.97,10.5,135.1401432,1.364437
0.0716,-9.775,10.3,135.1815072,1.3754902
0.0714,-11.82,10.27,135.1205641,1.2872988
0.0718,-10.97,10.74,135.1194019,1.2894608
0.0711,-9.425,10.67,135.1424843,1.3159014
0.0719,-11.77,10.58,135.253945,1.3725892
0.057,-10.02,10.54,135.5394992,1.2259046
0.0935,-11.67,11.12,135.6532291,1.3202036
0.0937,-12.22,10.62,135.9066209,1.2966493
0.0999,-9.975,10.41,136.6548206,1.3196888
0.0706,-11.22,10.55,137.932322,1.3491151
0.0547,-10.32,10.43,138.8110381,1.5106701
0.0948,-9.525,10.4,139.3695286,1.490002
0.0536,-10.77,10.57,139.4311608,1.4924053
0.0882,-12.22,10.32,139.7365256,1.4981678
0.0869,-9.875,10.25,139.8569969,1.4185259
0.0891,-12.07,10.26,140.1628759,1.3970827
0.0175,-12.72,10.52,140.7372227,1.4339911
0.026,-10.92,10.32,140.8279027,1.5831426
0.0849,-12.07,10.47,140.8515597,1.5463928
0.0925,-12.22,10.47,129.0057649,1.0760398
0.0725,-10.97,10.46,129.4514226,1.5377083
0.0814,-10.67,10.41,129.792652,1.4315955
0.0509,-11.57,10.75,129.8544732,1.4615301
0.0809,-10.07,10.26,129.8921587,1.5397758
0.0784,-10.52,10.56,129.9738195,1.4381976
0.096,-10.22,10.29,130.038274,1.4624927
0.0958,-11.52,10.65,130.3523107,1.5193846
0.05,-10.52,10.77,130.4312629,1.5305738
0.0944,-10.12,10.3,130.5246468,1.5690212
0.0959,-10.82,10.81,130.802233,1.6482946
0.0619,-10.67,10.56,131.0175558,1.5789587
0.062,-12.32,10.5,131.0365181,1.5486134
0.0704,-10.77,10.4,131.2437723,1.6743842
0.0492,-10.42,10.29,131.4064724,1.6066429
0.0701,-9.725,10.3,131.5208249,1.5031937
0.0629,-10.62,10.97,131.9507813,1.5344844
0.0676,-12.62,10.52,132.1358017,1.5329641
0.0426,-12.02,10.89,132.2631351,1.538486
0.0688,-11.42,11.12,132.38784606,1.72802437
0.0961,-11.97,10.62,133.3583675,1.6104501
0.0723,-12.12,10.25,133.3229199,1.7066705
0.0582,-10.47,10.72,133.4052664,1.717628
0.0409,-10.12,10.38,133.4196885,1.5635215
0.0717,-11.87,10.99,133.6663621,1.6137113
0.0571,-10.62,10.84,135.7144152,1.6810718
0.0573,-11.77,10.35,135.7164706,1.7109483
0.0982,-10.27,10.31,136.0958201,1.6824036
0.0771,-10.87,10.57,137.5551118,1.8458214
0.0974,-12.07,10.21,137.575162,1.8753168
0.0765,-10.22,10.51,137.6109678,1.8965828
0.0588,-10.27,10.29,138.030519,1.9119495
0.0554,-10.62,10.98,138.3155485,1.8672527
0.087,-11.77,10.39,139.8048412,1.8683297
0.0876,-11.27,11.01,139.8112076,1.7803308
0.0868,-10.42,10.44,139.904047,1.8273205
0.085,-11.27,11.02,140.0268785,1.9688112
0.0852,-12.57,11.01,140.5165231,1.9886579
0.0702,-9.825,10.5,140.8541991,1.9868408
0.0506,-10.12,10.31,140.9839305,1.8343689
0.0315,-10.32,10.48,129.4853862,2.021173
0.0724,-10.42,10.36,129.8511725,1.8641057
0.073,-10.12,10.25,129.856704,1.8504501
0.0733,-9.675,10.25,129.9181993,1.9615999
0.0736,-9.725,10.76,129.9416182,1.8849401
0.0735,-10.07,10.5,130.2450705,2.0425421
0.0737,-10.27,10.42,130.414754,1.8962505
0.094,-12.22,10.34,130.485455,1.9608389
0.0961,-12.57,10.58,130.7002554,1.883716
0.0254,-10.32,10.26,131.1186043,2.0640004
0.0772,-12.37,10.78,130.9975954,1.8966977
0.0764,-11.52,10.44,131.0056692,2.0577537
0.0782,-12.07,10.71,131.0534167,2.0084228
0.078,-12.02,10.71,131.0895206,1.9273699
0.0778,-11.87,11.08,131.1031604,2.0568588
0.051,-10.92,10.24,131.245558,2.0516382
0.0755,-12.97,11.18,131.336684,2.0039848
0.0754,-11.87,10.97,131.3001877,2.0412594
0.0785,-11.87,10.67,131.3270493,2.0838274
0.06,-11.67,11.04,131.6990228,2.0183338
0.0726,-12.07,10.32,132.8150968,2.0261225
0.075,-12.22,10.54,132.9101403,2.0483031
0.0955,-12.02,10.86,133.0895506,2.1497276
0.071,-12.22,10.63,134.5689227,2.021898
0.0562,-10.02,10.25,135.047775,2.077859
0.0586,-12.27,10.37,135.230694,2.2281982
0.057,-12.97,10.5,135.3835025,2.0621154
0.0568,-12.07,10.51,135.3791895,2.0705049
0.0583,-12.37,10.37,135.3913571,2.0876376
0.0573,-12.12,10.45,135.4472457,2.042302
0.093,-10.72,10.34,136.4390559,2.0836665
0.0999,-12.12,10.6,137.0271342,2.2493139
0.099,-10.02,10.7,136.9674015,2.1905475
0.0975,-12.17,10.62,137.5684352,2.1823084
0.0966,-12.52,11.05,137.5790127,2.1895839
0.0966,-12.22,10.89,137.5811087,2.1876033
0.0548,-12.07,11.15,137.7116136,2.3014634
0.0555,-10.27,10.45,137.8647361,2.2372003
0.055,-11.77,10.89,137.8832886,2.2398191
0.0559,-10.17,10.45,138.1639866,2.2172065
0.091,-11.47,10.4,139.215087,2.2534804
0.0899,-10.32,10.25,139.5580766,2.1996478
0.087,-11.02,10.47,139.5666271,2.2456706
0.0859,-10.27,10.36,140.0905243,2.3074353
0.089,-12.97,10.97,140.2860293,2.333934
0.0504,-10.87,10.65,140.2933837,2.2012881
0.0853,-10.77,10.57,140.722476,2.3311906
0.0855,-12.07,10.34,140.7878009,2.2627683
0.091,-10.02,10.57,139.2695947,2.6098982
0.0566,-11.27,10.33,139.7091702,2.6376433
0.086,-10.02,10.22,139.8435111,2.6274057
0.0938,-9.925,10.34,140.3801868,2.6481288
0.0889,-12.57,10.77,140.5663186,2.6682652
0.0882,-10.62,10.59,140.5610775,2.6618564
0.0847,-10.97,10.86,129.0418649,0.9335678
0.089,-11.42,10.29,129.1865154,0.8972049
0.0843,-9.925,10.21,129.466154,0.9159559
0.0852,-11.27,10.78,129.7405687,0.9597196
0.0851,-11.72,10.43,130.2814831,0.9955492
0.0969,-12.07,10.75,130.2946174,0.9892318
0.0398,-11.47,10.5,130.4986261,0.9277973
0.0772,-12.57,11.14,130.4963106,1.0172771
0.0777,-12.27,10.59,130.5118391,0.8560739
0.0964,-12.22,10.46,130.509482,0.9641345
0.0974,-12.07,10.58,130.5109892,0.9322337
0.0962,-12.02,11.13,130.5359311,0.9229832
0.0958,-10.92,10.41,130.5885794,0.851838
0.0971,-10.02,10.49,130.6687014,0.8966141
0.0854,-10.82,10.34,130.6861939,1.0084712
0.0779,-10.22,10.38,130.7036719,0.8882604
0.0707,-9.475,10.55,130.763593,0.9817984
0.077,-11.02,10.7,130.7788957,0.9627588
0.073,-9.775,10.59,130.961811,0.9263341
0.0698,-10.07,10.71,131.7396812,1.0735897
0.0288,-10.77,10.83,132.16755964,1.03878473
0.0672,-10.17,10.49,132.3242202,0.9167476
0.0702,-11.17,10.44,132.4316218,1.011376
0.0582,-12.07,10.72,132.4730532,0.9194399
0.0708,-12.22,10.67,132.7540986,1.0566278
0.0591,-12.37,10.98,133.29828633,0.92627408
0.0579,-11.77,10.45,133.680094,1.0959326
0.0882,-11.07,10.25,134.1281045,1.0833097
0.0881,-11.42,10.64,134.1763206,1.0373671
0.0699,-10.87,10.4,134.3645113,1.1455946
0.0726,-12.22,10.57,134.5299835,1.1046421
0.0712,-12.37,10.47,134.5338211,1.1024438
0.0718,-11.37,10.4,134.4104516,1.1281814
0.07,-12.12,10.73,134.419434,1.0025797
0.0714,-12.22,10.61,134.4232795,0.9818801
0.0711,-11.82,10.51,134.4344562,1.1677781
0.071,-11.92,10.27,134.4951155,1.0086491
0.0932,-12.07,10.66,134.5031067,1.1424531
0.0704,-11.92,10.51,134.5227615,1.165131
0.0692,-10.57,10.57,134.5361446,1.0160974
0.0703,-12.22,10.66,134.6293363,1.0032676
0.0724,-11.87,10.61,134.6235875,1.0359517
0.0715,-11.47,10.39,134.6134915,1.0737899
0.0732,-10.52,10.54,134.6513985,1.1241773
0.0923,-9.525,10.32,134.7306399,1.0203532
0.0716,-10.52,10.89,134.821501451,0.99202575
0.0703,-10.62,10.75,135.427512,1.0515301
0.0534,-12.52,10.73,135.7051016,1.0205893
0.058,-11.27,10.23,135.8865801,1.2100954
0.0526,-12.12,10.36,135.7697129,1.1356877
0.093,-9.925,10.36,137.4837642,1.1045675
0.095,-12.27,10.83,137.7144107,1.2668557
0.0948,-12.12,10.6,137.8799876,1.2319819
0.0944,-10.37,10.25,138.0791325,1.1935508
0.0556,-11.87,10.79,139.3574739,1.2883436
0.0867,-11.77,10.33,139.581555,1.1954987
0.0888,-10.42,10.52,139.5670165,1.3067986
0.0867,-12.02,10.41,139.6165463,1.1296618
0.0877,-10.82,10.25,139.6862006,1.1797546
0.0804,-10.02,10.24,139.692745,1.1465995
0.0876,-12.02,10.8,139.7157647,1.2427864
0.0876,-12.22,10.58,139.7241395,1.1456157
0.0874,-11.52,10.91,139.7348674,1.2549669
0.0891,-12.47,11.09,139.7673296,1.1793665
0.0876,-12.42,10.26,140.0029074,1.268019
0.0873,-11.22,10.35,140.0046704,1.2899821
0.0255,-11.47,10.8,140.9289614,1.3491732
0.0495,-12.57,11.1,129.8742319,1.2334424
0.049,-12.27,10.24,129.8942268,1.251203
0.0779,-10.47,10.69,130.0420056,1.2463166
0.0779,-10.57,10.62,130.4782012,1.3381395
0.0783,-11.12,10.9,130.5651506,1.2682698
0.0774,-12.12,10.88,130.7063892,1.3512853
0.077,-10.17,10.53,130.7687705,1.336604
0.0769,-9.925,10.26,131.0197463,1.3775637
0.0867,-10.32,10.44,131.750294,1.3326797
0.0398,-11.67,10.8,131.8087003,1.3624145
0.0942,-10.02,10.3,131.8183732,1.3690056
0.0863,-10.87,10.3,131.8388975,1.3066967
0.0948,-12.22,10.91,131.8397479,1.3799017
0.0676,-12.62,10.8,132.0349482,1.3579311
0.0681,-12.17,10.24,132.0465419,1.3506674
0.067,-10.47,10.35,132.069919,1.3580519
0.0514,-11.02,11.02,132.117783,1.3972266
0.0874,-10.22,10.69,132.3955239,1.4368352
0.0426,-10.22,10.76,132.6795056,1.3507655
0.0422,-12.82,10.74,132.6864616,1.3287095
0.0594,-10.27,10.69,132.7976027,1.5018871
0.0513,-10.17,10.28,133.6500089,1.4350243
0.0706,-10.42,10.48,134.2580654,1.4451456
0.0529,-12.57,10.33,134.2821804,1.4145448
0.0692,-12.37,10.96,134.2929351,1.4137915
0.0728,-11.27,10.38,134.3227423,1.3831063
0.0703,-11.12,10.54,134.3468333,1.5213204
0.0876,-10.27,10.37,134.3492706,1.4710464
0.0718,-11.87,10.67,134.4660814,1.443217
0.0709,-10.07,10.46,134.4715156,1.3922337
0.052,-11.87,10.53,134.7381322,1.4382496
0.0521,-12.72,11.03,134.7801016,1.4409947
0.0522,-10.97,10.91,135.1583557,1.4699747
0.094,-10.37,10.78,135.2865763,1.47768133
0.0534,-9.075,10.6,136.0043239,1.4580459
0.0558,-12.52,10.88,137.6372374,1.598893
0.0925,-10.27,10.62,137.7134685,1.5415012
0.0792,-11.02,10.21,137.7805329,1.6128689
0.0708,-11.32,10.64,138.0110573,1.6491203
0.0555,-11.82,10.99,138.4900332,1.6601691
0.0563,-12.07,10.65,138.5190722,1.6146311
0.0927,-12.32,11.16,139.5980798,1.6636622
0.0851,-12.37,10.96,140.616982,1.673593
0.0574,-12.22,10.38,140.9314852,1.7801101
0.0738,-9.975,10.74,129.3930559,1.7659419
0.0596,-10.92,10.78,129.4810432,1.7029475
0.073,-11.77,10.56,129.4816172,1.7827559
0.0716,-12.37,10.72,129.4803466,1.7827591
0.073,-11.77,10.25,129.4841154,1.7830643
0.073,-12.37,10.66,129.5707473,1.8178338
0.0732,-12.22,10.93,129.5858476,1.7325542
0.0732,-12.22,10.81,129.5828808,1.7361626
0.0752,-11.92,10.34,129.5839842,1.7256213
0.0733,-12.72,10.94,129.7451828,1.7346203
0.0725,-11.72,10.49,129.8554091,1.7372708
0.0798,-11.07,10.37,130.1360719,1.7242641
0.0766,-12.32,10.28,130.7912862,1.7140856
0.0764,-12.02,10.29,130.8667159,1.7561629
0.0777,-12.17,10.23,131.012303,1.7181558
0.0523,-12.07,10.4,131.6530026,1.8109533
0.0505,-12.72,11.11,131.69182644,1.830811
0.0513,-12.72,10.56,131.6892011,1.8215732
0.05,-10.97,10.59,131.681729,1.8433144
0.0497,-12.22,10.32,131.7033767,1.8082579
0.05,-12.52,10.46,131.8145669,1.8955601
0.0668,-12.12,10.66,131.9988393,1.7725971
0.0616,-11.62,10.59,132.1403588,1.9112773
0.067,-10.52,10.32,132.5129681,1.9130647
0.0768,-10.67,10.26,132.802379,1.8112926
0.0874,-12.57,10.63,132.7866755,1.8031915
0.0878,-12.07,10.27,133.0893572,1.9322937
0.0533,-11.82,10.99,134.4124012,1.8191411
0.0581,-11.62,10.95,134.6978337,1.842524
0.0568,-12.22,10.86,135.4670445,1.9933081
0.0578,-12.22,10.47,135.5308275,2.0360043
0.0706,-10.87,10.37,135.7472692,2.0123499
0.0712,-11.62,10.69,135.7507632,2.0052418
0.0568,-11.92,10.59,136.1203854,2.0421674
0.0519,-9.875,10.44,136.385763,2.0393263
0.0512,-10.52,10.87,136.4115979,2.0214806
0.093,-9.325,10.41,136.4647189,2.0739995
0.0983,-10.17,10.29,136.7759367,1.8807571
0.0992,-10.47,10.65,136.9009976,2.0525101
0.0561,-11.77,10.58,137.1001621,2.0000465
0.0559,-12.57,10.25,137.2676925,2.0093047
0.0918,-10.32,10.57,137.7539409,2.0323122
0.0554,-11.92,10.78,137.82883053,2.0190079
0.0556,-10.27,10.62,138.204207,1.9791023
0.0942,-10.72,10.61,139.1107702,1.977757
0.0874,-12.12,10.53,139.6366307,2.0683496
0.087,-10.42,10.95,139.6726927,2.0251739
0.0866,-10.52,10.6,139.8945296,2.1144293
0.0876,-10.02,10.24,139.999975,2.129246
0.089,-12.37,11.19,140.0779082,2.1836603
0.0571,-9.725,10.49,140.67040862,2.11154316
0.0169,-10.22,10.5,140.902137,2.1363749
0.096,-12.02,10.84,130.6132195,2.120296
0.0739,-11.72,10.7,130.6703599,2.1196224
0.0744,-9.975,10.34,130.6283934,2.1345991
0.0776,-10.67,10.57,130.9562941,2.1457129
0.0772,-11.52,10.27,131.0478345,2.1198343
0.0786,-10.27,10.81,131.1185058,2.1162905
0.0781,-9.875,10.58,131.1668243,2.1971495
0.0745,-11.52,10.98,131.1892664,2.1855003
0.0758,-11.07,10.42,131.3060525,2.2177784
0.0751,-12.02,10.89,131.4336477,2.2105671
0.0757,-10.92,10.63,131.4440614,2.1992973
0.06,-10.32,10.38,131.7362855,2.2448479
0.0613,-10.07,10.41,131.9851537,2.1912147
0.0767,-11.72,10.78,132.0173243,2.2193982
0.0954,-10.07,10.38,133.0504697,2.2593633
0.0352,-11.97,10.66,133.289812,2.2463931
0.0583,-12.57,11.13,133.558977,2.240822
0.0995,-11.67,10.32,133.5537003,2.3333364
0.0582,-10.67,10.78,133.70923962,2.20232633
0.071,-10.82,10.63,134.1247805,2.2142022
0.0536,-10.87,10.65,134.4288347,2.3616904
0.0538,-10.02,10.33,134.4044213,2.2394396
0.0717,-12.22,10.54,135.0081322,2.3773189
0.0717,-12.17,10.46,134.9969094,2.4114493
0.0525,-12.02,10.45,135.1722738,2.245781
0.071,-11.32,10.47,136.0499742,2.4403629
0.0996,-10.07,10.66,136.8749829,2.3388711
0.0514,-12.22,10.85,136.8112572,2.4426828
0.0511,-12.57,10.33,136.8121323,2.4360398
0.0545,-11.57,10.67,137.4349309,2.3503507
0.0921,-10.07,10.78,137.4076307,2.3783657
0.0977,-12.37,10.38,137.409453,2.4109325
0.0974,-12.52,10.55,137.4138243,2.4076326
0.0388,-12.97,10.57,137.5123613,2.3289357
0.0918,-9.775,10.41,137.5611413,2.4075179
0.0923,-11.82,10.43,137.5941871,2.4013625
0.0914,-11.07,10.52,137.9635937,2.4527497
0.091,-11.97,11.02,138.9338131,2.4440807
0.0903,-9.775,10.38,138.9041666,2.4757708
0.0917,-10.07,10.48,138.9568995,2.4264656
0.0588,-11.77,10.23,139.8199775,2.5503984
0.0855,-12.02,10.56,139.9244453,2.3981335
0.0886,-9.525,10.75,139.9491534,2.5287316
0.0565,-11.02,10.51,140.2406613,2.5343816
0.084,-10.92,10.43,140.3624242,2.5984322
0.0844,-10.37,10.22,140.3893284,2.4966809
0.084,-12.02,10.89,140.3902711,2.5845032
0.0858,-12.07,11.02,140.5035531,2.5878334
0.0876,-12.12,11.02,140.5926051,2.585943
0.0868,-11.87,10.58,140.591847,2.5871701
0.0598,-10.82,10.52,129.0771788,2.1218792
0.0506,-9.425,10.46,130.1315778,2.1881609
0.0959,-9.775,10.63,130.5744296,2.2065061
0.0624,-11.62,10.22,130.7198553,2.2148491
0.0509,-11.82,10.59,131.031801,2.2825927
0.0511,-11.22,10.58,131.1333073,2.2965282
0.0494,-10.62,10.39,131.1867607,2.2934993
0.0507,-10.67,10.5,131.2795904,2.247432
0.0773,-10.42,10.22,131.3074593,2.3238894
0.0776,-11.72,10.31,131.3383369,2.2357371
0.0775,-11.67,10.8,131.2572058,2.2966599
0.0984,-10.27,10.22,135.0866602,2.4553557
0.0549,-12.37,10.43,137.1922645,2.5334796
0.0513,-12.37,10.6,137.4267649,2.6754018
0.0981,-12.22,10.64,137.5774728,2.6131428
0.097,-11.67,10.5,137.7885355,2.6991777
0.0974,-10.82,10.46,138.3354151,2.5997858
0.0907,-10.57,10.52,138.4452316,2.6923536
0.0999,-11.52,10.74,138.5268457,2.7564388
0.0906,-10.22,10.49,138.6311813,2.7055143
0.0901,-10.27,10.49,138.9354648,2.694717
0.0857,-11.12,10.73,139.6779974,2.6914718
0.0564,-12.57,10.32,139.7568691,2.7572977
0.0366,-12.52,10.5,139.8518212,2.7069309
0.0843,-12.97,10.44,140.4672362,2.749302
0.0841,-10.32,10.4,140.4824982,2.769671
0.0863,-11.92,10.32,140.5005782,2.7321635
0.0866,-11.77,10.55,140.5195444,2.7624022
0.0887,-10.92,10.63,140.5326554,2.7350975
0.0855,-11.17,10.91,140.8332215,2.8242144
0.0877,-12.07,10.45,140.8287234,2.92733
0.0985,-11.57,10.26,129.1185696,2.4880587
0.0496,-10.67,10.44,130.1486743,2.4770414
0.0497,-12.12,10.45,130.157527,2.6196622
0.096,-9.725,10.24,130.7035449,2.6608018
0.0508,-11.77,10.46,130.6872307,2.5830694
0.0981,-10.97,10.46,130.8229858,2.6707227
0.0259,-11.67,10.81,130.9627955,2.7138018
0.0502,-10.32,10.42,130.8974982,2.6696709
0.0767,-11.62,10.22,131.4394248,2.5719922
0.0766,-12.07,10.67,131.6700313,2.6330801
0.0764,-10.12,10.45,131.7153321,2.7636657
0.0739,-11.47,10.47,131.7370122,2.7587247
0.0285,-11.62,10.64,131.8277795,2.7621998
0.0772,-10.17,10.37,131.9529498,2.6961249
0.0769,-10.17,10.44,132.3307268,2.6948599
0.0597,-12.57,10.32,132.5280744,2.6517075
0.0599,-12.27,10.33,132.5046454,2.6543923
0.0282,-10.47,10.34,132.8756843,2.7327327
0.029,-10.02,10.21,133.0422171,2.8402853
0.0878,-11.82,10.66,134.3735489,2.9001826
0.0544,-10.47,10.62,134.7134851,2.9129374
0.0997,-10.37,10.92,136.5258677,2.9619153
0.0933,-11.67,10.67,137.0693999,2.9751924
0.0995,-12.22,10.79,137.1378459,2.9466655
0.0263,-11.77,10.92,137.7139436,2.9770627
0.0979,-12.02,10.86,137.8415503,2.9865921
0.0606,-9.875,10.27,129.6098589,2.9845342
0.0812,-11.77,10.56,130.0536232,2.9217359
0.0809,-11.12,10.66,130.067589,2.9498973
0.0769,-10.87,10.36,131.4549537,2.9977206
0.0862,-12.12,10.27,140.4834044,2.7130067
0.0848,-12.22,10.93,140.5129924,2.6938963
0.0804,-12.12,10.8,130.0575639,2.3172745
0.05,-12.12,10.91,130.1233885,2.3744769
0.0762,-10.17,10.41,131.197605,2.4566324
0.0496,-10.67,10.35,131.2467964,2.4763879
0.0764,-12.02,10.84,131.3448356,2.52392
0.0776,-12.42,10.27,131.3647691,2.4658238
0.0751,-9.975,10.46,131.4605918,2.5098196
0.0774,-9.825,10.27,131.6569709,2.4509381
0.0281,-12.02,11.11,131.6832232,2.5374134
0.0592,-12.57,10.71,132.4866823,2.5699687
0.0769,-12.22,10.7,133.2537453,2.5683483
0.0869,-11.72,10.34,133.663773,2.6964562
0.0995,-9.975,10.49,136.683849,2.7733169
0.0999,-10.37,10.59,136.7370348,2.8074031
0.0996,-11.72,10.49,136.7791854,2.8138199
0.0979,-12.22,10.33,137.7160851,2.875127
0.0508,-11.32,10.67,137.9099348,2.9165887
0.092,-11.87,10.71,138.2128194,2.9917139
0.0716,-11.02,10.71,138.4881697,2.9600677
0.0722,-10.92,10.33,138.4930042,2.9026639
0.0718,-9.325,10.25,138.5153206,2.9115546
0.0892,-9.275,10.41,138.9627667,2.9983845
0.0997,-10.62,10.85,139.0116772,2.8634773
0.0859,-11.77,10.9,139.7396828,2.9396503
0.0857,-11.52,10.63,140.6042597,2.9972606
0.0819,-9.825,10.52,129.259079,2.7600215
0.0826,-10.22,10.57,129.2540245,2.6836087
0.0823,-12.42,11.08,129.2673893,2.7545911
0.0818,-10.27,10.37,129.2804304,2.7899356
0.0819,-11.97,10.69,129.3741554,2.8120382
0.067,-9.725,10.38,130.1296035,2.6785704
0.0785,-11.62,10.82,130.6999896,2.9217469
0.0785,-11.32,11.07,130.8189688,2.9265192
0.0772,-11.57,10.33,131.0330646,2.9453749
0.0767,-12.17,10.49,131.0806635,2.8350373
0.0766,-10.97,10.43,131.2118435,2.8308139
0.0788,-10.92,10.58,131.3457405,2.9648384
0.0784,-11.62,10.92,131.3301236,2.9252488
0.0979,-9.925,10.32,131.4407008,2.8180459
0.0768,-11.22,10.22,131.4262078,2.9233368
0.0982,-9.825,10.45,131.6695588,2.909306
0.0655,-10.87,10.47,131.7260155,2.9157757
0.0592,-11.37,10.67,131.9666024,2.9229331
0.0586,-10.62,10.33,131.9903648,2.8899067
0.0767,-10.57,10.95,132.0285805,2.8309288
0.0663,-11.57,10.78,132.1825174,2.8501612
0.0595,-11.62,10.27,132.4032564,2.8632523
0.0603,-9.675,10.72,132.4798635,2.8981475
0.0966,-9.825,10.23,132.9562669,2.9643876
0.0985,-9.775,10.36,133.8196676,2.9561485
0.0874,-11.07,10.86,134.5300661,2.9942238
0.055,-11.77,10.75,140.6288551,-0.8594549
0.0965,-10.32,10.77,132.0168852,-0.0357816
0.0964,-12.52,11.02,132.195786,-0.0115107
0.0848,-11.72,10.36,129.1989617,-0.498656
0.079,-12.07,10.72,129.3824975,-0.4617835
0.0801,-10.27,10.4,129.3874545,-0.4644229
0.0791,-11.67,10.48,129.412279,-0.5862879
0.0794,-10.27,10.3,129.4642751,-0.4825483
0.0854,-10.57,10.63,129.5952058,-0.4454125
0.0506,-9.875,10.45,129.82867229,-0.61208574
0.0509,-9.975,10.65,129.8209409,-0.6135503
0.0805,-12.37,10.63,129.7228593,-0.5902712
0.0305,-10.17,10.44,130.6671707,-0.5629971
0.0295,-12.22,10.88,130.9384316,-0.5346177
0.0522,-12.22,11.01,131.0713898,-0.4249198
0.0782,-12.02,10.5,131.2885365,-0.5335692
0.0726,-11.22,10.48,132.5485068,-0.567939
0.0709,-12.22,10.51,134.5624306,-0.4678301
0.0707,-9.875,10.33,134.5650618,-0.4882889
0.0404,-10.12,10.33,135.1673953,-0.4867571
0.0888,-9.925,10.29,135.5041701,-0.5645685
0.0935,-10.37,10.28,135.9899931,-0.4341972
0.0277,-10.37,10.43,136.3049177,-0.4965091
0.078,-10.72,10.66,137.1895548,-0.4723472
0.0933,-12.22,10.82,137.2715652,-0.5144359
0.0701,-10.07,10.53,137.4200367,-0.466201
0.0482,-11.52,10.36,137.4683171,-0.5046589
0.0878,-10.22,10.33,137.7098314,-0.5513257
0.0881,-11.32,10.28,137.848502,-0.4256513
0.054,-10.32,10.53,138.7040254,-0.5926237
0.0701,-12.22,10.99,138.6965275,-0.4794932
0.0959,-9.975,10.24,139.7639256,-0.4962811
0.0561,-10.37,10.21,140.4916046,-0.59643
0.0562,-10.32,10.56,140.5406602,-0.5395594
0.0878,-10.22,11.06,140.594432,-0.4888251
0.0536,-10.92,10.49,140.936297,-0.5702621
0.0561,-10.72,10.49,140.9366625,-0.5179577
0.0282,-9.775,10.27,134.4472689,-0.1999938
0.0352,-11.12,10.29,129.3818984,-0.0448886
0.0376,-10.52,10.3,130.0784414,-0.0028772
0.0509,-10.22,10.28,130.2369319,-0.1207958
0.0519,-10.07,10.42,130.6136403,-0.1451481
0.0689,-10.82,10.34,130.9017504,-0.161396
0.0522,-10.32,10.26,131.4120117,-0.1031382
0.0707,-12.57,10.78,134.7884409,-0.1684353
0.0527,-11.37,10.96,134.9453376,-0.0055619
0.0536,-11.97,10.75,135.7599788,-0.2004605
0.0966,-10.27,10.21,135.7851442,-0.0358392
0.0764,-9.825,10.26,136.4382781,-0.1932997
0.095,-10.07,10.36,136.6205141,-0.1744
0.094,-11.37,10.8,136.7233895,-0.1297954
0.0937,-9.925,10.93,136.8045922,-0.0563523
0.0942,-11.52,10.33,137.0428967,-0.0904741
0.076,-10.22,10.77,137.2861742,-0.1366992
0.0703,-9.925,10.47,137.4179753,-0.1080483
0.0929,-9.925,10.26,137.7906355,-0.0732555
0.0879,-11.27,11.15,139.109692,-0.1250842
0.0873,-12.37,10.68,139.1278854,-0.1603882
0.0576,-11.92,10.35,139.4848946,-0.1013666
0.0871,-11.02,10.49,140.1823647,-0.022803
0.0878,-11.62,11.06,140.3545361,-0.0621288
0.0546,-10.47,10.25,140.7314314,-0.0620088
0.0559,-10.97,10.37,140.934913,-0.1872143
0.0701,-11.62,10.3,140.9681036,-0.0224547
0.0707,-10.42,10.53,140.966039,-0.0183219
0.0809,-11.62,10.83,129.5316067,0.4096625
0.0772,-12.37,10.86,129.5521481,0.4163977
0.0785,-10.17,10.77,129.6996083,0.3260321
0.0779,-10.32,10.52,129.7019908,0.3891604
0.0786,-10.37,10.65,129.7115299,0.3482468
0.0775,-10.57,10.55,130.0144131,0.3666445
0.079,-11.72,11.01,130.6023375,0.2555597
0.0503,-10.92,10.92,130.9724779,0.3524463
0.053,-10.42,10.74,132.1901053,0.2915446
0.0513,-10.92,10.54,132.5066701,0.2257827
0.0533,-10.72,10.88,132.6321149,0.3190379
0.0521,-12.57,11.2,132.71125636,0.37329313
0.0409,-12.82,11.06,132.7907988,0.2535459
0.0523,-11.32,10.26,132.8101462,0.3037364
0.0525,-11.02,10.31,132.9022294,0.2731468
0.0504,-9.875,10.42,133.4432136,0.2145608
0.078,-10.22,10.4,133.4537042,0.3324728
0.0527,-9.825,10.32,135.47317726,0.39555262
0.0523,-12.22,10.3,135.4896595,0.405058
0.0565,-12.42,10.38,135.4906136,0.2841229
0.0533,-12.82,10.56,135.9875125,0.2246995
0.0991,-10.07,10.22,136.377419,0.4143662
0.095,-12.02,10.77,136.7517634,0.2154563
0.0958,-12.57,10.99,136.8128976,0.3325014
0.0699,-10.32,10.34,136.8845077,0.3313465
0.0697,-12.37,10.91,137.2966436,0.3985219
0.0693,-9.975,10.36,137.326874,0.4059033
0.0702,-10.17,10.85,137.7870213,0.3114589
0.0542,-11.57,10.28,137.880512,0.401893
0.0542,-12.97,10.81,137.9995345,0.3389671
0.0535,-12.97,10.65,138.0617411,0.3117793
0.0876,-10.02,10.38,138.1066614,0.3466471
0.054,-11.82,10.33,138.11367,0.3037044
0.0544,-10.47,10.61,138.15123729,0.30950285
0.0529,-12.37,10.92,138.2856398,0.2378912
0.08,-10.92,10.22,138.3453483,0.2664344
0.0877,-11.67,10.45,138.5436231,0.3661942
0.0527,-11.82,10.35,138.5799085,0.3848816
0.0879,-12.12,10.5,138.6036834,0.3630311
0.0693,-11.27,10.52,138.890558,0.3172791
0.0702,-12.32,10.6,138.9764547,0.2386887
0.0566,-11.02,10.92,139.0380498,0.2965342
0.054,-10.22,10.52,139.3414259,0.3219758
0.0548,-11.67,10.68,139.396464,0.3251605
0.0912,-11.17,10.24,139.6526389,0.347551
0.0606,-12.42,10.28,140.5305848,0.3990155
0.0735,-12.37,10.86,140.9248091,0.3246623
0.0779,-10.52,11.12,129.8529578,0.6891499
0.0785,-11.02,10.25,130.4287611,0.6825258
0.0707,-10.72,10.23,130.7101839,0.6984296
0.097,-12.57,10.89,130.8792623,0.7258493
0.0582,-10.67,10.84,131.9498716,0.6537059
0.0426,-10.92,10.62,132.5516038,0.6568009
0.0877,-11.17,10.52,132.6937062,0.6850419
0.0873,-12.57,11.04,132.7609491,0.6526985
0.0862,-12.22,10.57,132.7632874,0.6689695
0.0857,-10.87,10.44,132.7613725,0.6614179
0.0409,-9.825,10.51,133.4060778,0.7360183
0.0411,-11.02,10.69,133.4136257,0.7582162
0.0876,-11.87,10.45,134.1362828,0.7057695
0.0524,-10.42,10.34,134.1522031,0.7784314
0.0718,-9.375,10.51,134.4502656,0.7781934
0.0523,-10.02,10.46,134.6191824,0.6371667
0.0706,-12.97,11.06,135.1411308,0.7601276
0.0708,-11.97,10.38,135.1445262,0.7579684
0.0769,-12.52,10.54,136.1737652,0.7004906
0.07,-12.37,10.81,136.379855,0.8263903
0.0533,-12.27,10.48,136.4749303,0.6691349
0.0534,-11.62,10.26,137.2458837,0.6339571
0.0394,-10.27,10.44,137.2979634,0.8354469
0.0982,-9.825,10.22,137.4991904,0.6304797
0.0392,-10.07,10.33,138.0333069,0.784837
0.0551,-10.02,10.28,138.5471116,0.8182284
0.0382,-10.02,10.41,139.0572675,0.700582
0.0875,-9.875,10.21,139.5925337,0.6392831
0.0881,-10.07,10.3,139.7695903,0.7508986
0.0889,-11.92,11.04,139.9690986,0.8338115
0.0879,-10.67,10.54,140.2956551,0.8173065
0.0877,-9.825,10.29,140.3826911,0.7476476
0.0564,-10.27,10.27,140.9033228,0.7483252
0.0651,-12.27,10.35,140.1794834,-1.765146
0.0879,-10.22,10.62,140.7155509,-1.7766962
0.0708,-10.12,10.63,140.8549461,-1.6928181
0.0879,-12.37,10.64,140.7190208,-1.3442423
0.0701,-10.57,10.67,140.7614275,-1.262155
0.0893,-11.97,10.5,139.989349,-1.9244156
0.0894,-10.52,10.48,140.3342803,-1.9323892
0.0962,-10.97,10.6,140.0447156,-1.5005746
0.0546,-12.07,10.33,140.6560068,-1.4832676
0.0546,-12.17,10.74,140.8367007,-1.5679453
0.0638,-9.875,10.3,140.8718992,-1.5056454
0.0544,-11.17,10.79,140.5422553,-1.0410206
0.055,-12.37,10.42,140.5663947,-1.0501467
0.0601,-11.37,10.29,129.2550008,1.0403105
0.0525,-11.12,10.46,135.4738651,0.3936184
0.0509,-9.775,10.38,129.2884355,-1.9882712
0.0529,-10.82,10.47,129.2994408,-1.9696775
0.0396,-10.87,10.42,129.4798998,-1.8838264
0.0854,-11.82,10.72,129.54078974,-1.8764854
0.0392,-11.82,10.68,129.7553855,-1.9539596
0.0392,-11.02,10.38,129.7581227,-1.9535516
0.0385,-11.17,10.28,129.6483403,-1.8908511
0.0826,-11.32,10.38,129.8940723,-1.9020768
0.0998,-12.07,11.04,130.760263,-1.8991415
0.0863,-11.57,10.35,131.210667,-1.925022
0.0824,-11.67,10.54,131.4961168,-1.9460577
0.0815,-9.775,10.65,132.1007665,-1.9503741
0.0852,-10.42,10.9,129.0337761,-1.4543123
0.031,-12.97,11.01,129.1622898,-1.531624
0.0796,-10.62,10.4,129.3805656,-1.4723184
0.0799,-11.82,10.56,129.3503526,-1.6100748
0.0499,-11.07,10.67,129.8669106,-1.5131829
0.0477,-10.92,10.71,129.9518761,-1.4801968
0.05,-12.42,11.03,129.9839497,-1.5078965
0.0881,-10.37,10.58,130.0565758,-1.4442037
0.088,-11.42,10.25,130.0614256,-1.4968117
0.0505,-12.07,10.54,130.201428,-1.5852562
0.0824,-10.42,10.55,130.5814076,-1.4836834
0.086,-10.57,10.34,130.6826588,-1.5808057
0.0863,-12.37,11.02,130.8821608,-1.4713432
0.0819,-12.37,10.54,131.180388,-1.5796532
0.0825,-12.07,10.34,131.1852992,-1.6331534
0.0902,-12.17,10.91,131.380989,-1.5603345
0.0867,-10.22,10.48,131.9313682,-1.5912135
0.0998,-10.77,10.64,132.1107774,-1.6046838
0.0566,-10.47,10.28,132.4601069,-1.6892451
0.0694,-11.02,10.68,132.9295354,-1.5551161
0.048,-12.27,11.03,133.287858,-1.6485197
0.0472,-11.37,10.59,133.2845354,-1.6475468
0.0485,-11.47,10.61,133.2470561,-1.7036202
0.0472,-12.12,10.39,133.3812141,-1.700015
0.0598,-9.225,10.44,134.0743931,-1.635363
0.0966,-10.32,10.42,136.1261353,-1.8421051
0.0399,-12.27,11.17,137.049157,-1.8021014
0.0774,-10.57,10.72,137.4162185,-1.7097745
0.0397,-10.12,10.29,138.2574522,-1.8986963
0.0699,-10.22,10.63,138.3345548,-1.8148769
0.089,-10.12,10.53,138.364892,-1.8474905
0.0983,-10.42,10.22,138.4173178,-1.8753004
0.0399,-10.32,10.36,138.440442,-1.8577648
0.089,-11.67,10.36,138.5061356,-1.9061232
0.089,-10.97,11.18,138.5050107,-1.8456164
0.0746,-11.87,10.64,138.5985592,-1.8816654
0.0535,-11.82,10.39,138.9401988,-1.9301005
0.0552,-11.97,10.22,139.0476051,-1.833717
0.055,-11.97,10.53,139.1115403,-1.8519919
0.0542,-10.07,10.24,139.1777587,-1.9511978
0.055,-12.97,11.11,139.1715013,-1.9415198
0.0566,-11.72,10.71,139.2111295,-1.9468995
0.0548,-10.72,10.25,139.3496597,-1.8449691
0.0969,-12.22,10.34,139.833307,-1.9392482
0.0807,-10.27,10.75,129.0458501,-1.1457398
0.0872,-9.875,10.21,129.1661053,-1.1476622
0.0798,-12.17,10.49,129.2922287,-1.0176532
0.0828,-12.27,10.3,129.3407386,-1.0653206
0.083,-10.12,10.95,129.5124339,-1.1218235
0.0837,-10.92,10.98,129.5599599,-1.1329578
0.0524,-10.07,10.47,129.6105125,-1.1926172
0.0818,-12.12,10.49,129.5799264,-1.0297606
0.0826,-11.47,10.28,129.5896517,-1.1494501
0.0521,-9.925,10.57,130.082389,-1.1156015
0.0889,-10.67,10.34,130.3485821,-1.1993667
0.0567,-12.42,10.29,130.6150281,-1.1515384
0.0568,-10.42,10.65,131.0707643,-1.1898801
0.0976,-10.02,10.27,133.0287136,-1.2103181
0.0973,-10.22,10.56,133.0224556,-1.1820917
0.0993,-12.12,10.47,133.1869799,-1.1872723
0.0987,-11.87,10.62,133.2406213,-1.1309635
0.0974,-12.27,10.44,133.239771135,-1.13230031
0.0992,-10.52,10.82,133.1515472,-1.306773
0.0993,-10.52,10.4,133.2184491,-1.2327248
0.0989,-10.37,10.23,133.330722,-1.2220587
0.0994,-10.52,10.45,133.3001552,-1.3277761
0.0602,-10.72,10.55,133.4099849,-1.2366339
0.0681,-11.37,10.73,133.6175457,-1.2860491
0.0706,-9.725,10.28,134.1670517,-1.297778
0.0536,-11.52,10.4,134.5328482,-1.3567528
0.0603,-10.12,10.47,134.7744321,-1.2884269
0.0702,-11.57,10.58,135.6084447,-1.2552823
0.0705,-10.02,10.57,135.6019923,-1.2621718
0.0401,-9.725,10.47,135.8775114,-1.3803525
0.097,-10.77,10.67,136.3748631,-1.2663781
0.0949,-10.47,10.31,136.4917084,-1.4149517
0.0951,-10.42,10.58,136.5794626,-1.4195695
0.0879,-10.32,10.73,136.60600538,-1.4067667
0.0784,-9.975,10.44,136.9916504,-1.4110751
0.0902,-10.77,10.65,138.5440798,-1.4875551
0.0772,-9.825,10.32,138.5717198,-1.3911014
0.0548,-9.725,10.26,138.7641641,-1.4557356
0.0551,-12.82,10.8,138.8360802,-1.4233928
0.0555,-12.57,10.71,138.8359533,-1.5089864
0.0548,-10.77,11.03,138.9155011,-1.3470661
0.0539,-10.92,10.47,139.0087318,-1.3409584
0.0737,-9.975,10.62,139.4789416,-1.4602306
0.0959,-10.72,10.52,139.6200802,-1.4007936
0.0703,-10.32,10.31,139.8839737,-1.529376
0.0698,-10.72,10.42,139.8689538,-1.5266448
0.07,-9.975,10.52,132.2795618,-0.8606283
0.0865,-12.22,10.26,132.5547789,-0.8940241
0.0774,-12.17,10.47,132.7808811,-0.8404759
0.0766,-10.22,10.23,132.7754289,-0.839447
0.0788,-10.17,10.73,133.490155,-0.8624618
0.0699,-12.57,10.89,134.4415013,-0.8994942
0.0697,-12.07,10.21,134.4485026,-0.9006871
0.0703,-12.37,10.66,134.4560812,-0.899134
0.071,-11.57,11.07,134.4612491,-0.9214529
0.0709,-12.37,11.1,134.4748629,-0.8776661
0.0891,-10.57,10.84,135.2555282,-0.9286627
0.098,-12.37,10.94,136.3301018,-1.007172
0.0972,-10.87,11.05,136.3427142,-0.9909684
0.0975,-10.57,10.36,136.3412823,-1.0220665
0.0947,-9.625,10.62,136.7042199,-1.0188494
0.0881,-10.77,10.75,137.210998,-1.0375915
0.0884,-11.97,10.93,137.2661997,-0.9945033
0.0549,-9.925,10.21,137.8934483,-0.8651157
0.0702,-11.87,10.96,139.4467843,-0.9858531
0.0959,-9.275,10.23,139.9805525,-0.9980244
0.0859,-10.37,10.65,129.009817,-1.76962286
0.085,-12.57,10.77,129.0034914,-1.7291922
0.0532,-10.82,11.13,129.3063047,-1.6486286
0.0316,-10.92,10.21,129.3120758,-1.6488518
0.0525,-12.12,11.15,129.3995842,-1.6748332
0.0522,-10.52,10.47,129.391689,-1.6709132
0.0527,-11.72,10.25,129.4315852,-1.6399481
0.0858,-12.07,10.96,129.3251294,-1.6941821
0.0497,-12.02,10.25,129.9019365,-1.6464845
0.0399,-9.775,10.24,130.5076841,-1.753892
0.0861,-9.775,10.36,130.525595,-1.6959487
0.049,-12.37,11.18,130.788285,-1.7391575
0.0486,-10.12,10.42,131.2072623,-1.7682551
0.0563,-10.67,10.82,132.5279503,-1.7966168
0.0485,-12.57,10.81,132.5277259,-1.8725605
0.0771,-10.67,11.09,133.19008185,-1.81496484
0.0769,-10.22,10.43,133.18807394,-1.81936275
0.0484,-10.27,11.2,133.6878587,-1.8860902
0.0896,-9.725,10.63,135.2362338,-1.8787598
0.0968,-10.32,10.28,136.0817066,-1.9965623
0.0885,-9.425,10.51,137.117879,-1.9679573
0.0703,-12.62,10.74,137.6121202,-1.9994285
0.0903,-11.02,10.56,137.9792228,-1.9616115
0.0549,-11.32,10.49,138.0019964,-1.9209213
0.0556,-11.02,10.31,139.1389664,-1.9828526
0.0413,-10.52,10.25,129.0916008,-1.2706723
0.0848,-12.27,10.81,129.0764645,-1.3221382
0.051,-11.87,10.38,129.4008065,-1.3901316
0.0527,-10.17,10.54,129.5152252,-1.3095182
0.0825,-11.12,10.43,129.5677172,-1.2292334
0.05,-12.72,10.79,129.8394493,-1.3863534
0.0823,-10.92,10.57,129.9850289,-1.350858
0.0818,-10.77,10.28,130.0197147,-1.3476625
0.0996,-12.22,10.41,130.4125087,-1.2991786
0.0917,-12.22,10.68,131.706751,-1.4370433
0.0892,-9.275,10.43,131.735736,-1.4358937
0.0811,-11.72,10.22,131.7985047,-1.3414532
0.0904,-12.12,10.72,131.7833635,-1.3615966
0.0902,-10.87,10.25,131.8159779,-1.3525741
0.0907,-12.07,10.46,131.848446,-1.4350793
0.0914,-11.17,10.39,131.8581388,-1.4048414
0.0905,-12.22,11.02,131.8696823,-1.4027006
0.0776,-9.725,10.34,131.9712168,-1.3857145
0.0565,-11.17,10.6,132.3866427,-1.3459349
0.0971,-10.32,10.69,132.9491969,-1.3694676
0.0998,-12.97,11.01,133.126237,-1.4391099
0.0787,-11.52,10.36,133.2368613,-1.402606
0.0824,-10.42,10.76,133.7551492,-1.5543849
0.0596,-10.17,10.67,134.2674561,-1.4680591
0.0594,-12.57,10.39,134.3752647,-1.3931849
0.0898,-11.12,10.81,135.2301843,-1.4644833
0.0467,-10.27,10.33,135.7269573,-1.5823501
0.0865,-10.47,10.34,135.9299788,-1.5877195
0.0961,-11.62,10.28,136.2583328,-1.6383075
0.096,-11.32,10.57,136.3064808,-1.5942199
0.095,-11.42,10.89,136.5030266,-1.5551731
0.0701,-10.22,10.37,136.5944937,-1.6322965
0.0699,-10.07,10.52,136.8009478,-1.4755603
0.0471,-10.02,10.77,137.0960795,-1.6114625
0.0887,-10.47,10.42,137.5154261,-1.5320231
0.0916,-12.22,10.52,137.5521164,-1.5608165
0.0884,-9.525,10.36,137.5649811,-1.5093344
0.0399,-12.22,10.78,137.7095335,-1.5492421
0.0885,-12.37,10.69,137.7855431,-1.6781881
0.0466,-12.37,10.27,138.0046306,-1.7054574
0.0903,-9.775,10.39,138.2438113,-1.58066
0.0901,-10.12,10.27,138.2963592,-1.5680948
0.0887,-9.975,10.31,138.6322875,-1.5771529
0.0712,-10.67,10.63,138.7346382,-1.5247983
0.0709,-12.57,10.51,138.9588797,-1.532455
0.0697,-11.92,10.48,138.9055062,-1.527565
0.0713,-10.77,10.39,138.9195202,-1.6362758
0.0718,-12.07,10.44,138.9763695,-1.5421847
0.0541,-12.32,10.59,139.2265498,-1.6750888
0.0881,-9.675,10.26,139.5511814,-1.6116296
0.0693,-11.92,10.83,139.762165,-1.690197
0.0792,-10.82,10.38,129.3935458,-0.8641668
0.0307,-10.07,10.26,129.4380053,-0.861594
0.0812,-10.12,10.55,129.4486813,-0.9006553
0.081,-9.925,10.37,129.5801959,-0.8158035
0.0516,-10.62,10.47,130.2155683,-0.9034356
0.0569,-11.77,10.24,130.3883283,-0.8282739
0.0795,-12.52,10.49,130.8166683,-0.8853539
0.0699,-10.87,11.15,131.9019171,-0.9541406
0.0974,-11.92,10.35,132.8806532,-1.0326895
0.0688,-9.875,10.63,133.7310894,-1.0554706
0.0916,-11.82,10.44,133.7993737,-1.0558186
0.0769,-11.42,10.43,134.1320505,-1.0135886
0.0767,-12.07,10.36,134.14079,-0.9821864
0.0393,-10.22,10.61,134.3365276,-0.9751176
0.0598,-9.975,10.29,134.4635233,-1.1136175
0.0396,-11.07,10.79,135.87852181,-1.10326572
0.0406,-10.27,10.45,135.90387676,-1.13015977
0.0406,-11.92,10.32,135.8841621,-1.1012886
0.0868,-10.57,10.67,136.0180395,-1.033207
0.0977,-11.82,10.99,136.2849648,-1.148262
0.0965,-12.22,10.97,136.2891469,-1.182007
0.0979,-10.42,10.32,136.2703158,-1.082491
0.0969,-10.77,10.33,136.2964074,-1.2013806
0.0936,-12.47,10.54,136.6508444,-1.1509693
0.0946,-11.87,11.08,136.6552074,-1.1410439
0.0705,-10.22,10.4,136.7878018,-1.0572915
0.0535,-9.875,10.24,136.903119,-1.1903878
0.0933,-10.67,10.61,137.1345277,-1.1240031
0.0931,-10.62,10.27,137.1638229,-1.1892787
0.0276,-10.12,10.4,137.32095128,-1.16636402
0.0704,-12.37,10.36,137.3837147,-1.0814808
0.0882,-10.27,10.52,137.6320391,-1.1778791
0.0702,-10.97,10.6,138.3738021,-1.0925672
0.0555,-10.02,10.83,138.573773,-1.2137303
0.0548,-12.32,10.53,138.8742998,-1.2996709
0.0816,-12.42,10.25,138.1609041,-0.8696298
